{"_step":14,"epoch":15,"val_acc":0.813,"_runtime":762,"val_loss":0.6860270312143113,"best_test_f1":0.8589732213536572,"train_loss":0.47322222463736613,"test_f1":0.791035456340855,"test_acc":0.7964,"_timestamp":1.772893807664182e+09,"_wandb":{"runtime":762}}