{"val_acc":0.869,"best_test_f1":0.8538546319265976,"_step":14,"_runtime":991,"val_loss":0.4898263420311625,"train_loss":0.40245331747173874,"_timestamp":1.7728813377786431e+09,"test_acc":0.8516,"_wandb":{"runtime":991},"test_f1":0.8538546319265976,"epoch":15}