{"_runtime":309,"train_loss":0.9121703831818853,"epoch":15,"best_test_f1":0.10712317693954454,"val_acc":0.11033333333333334,"val_loss":0.9111327187202259,"_step":14,"test_f1":0.10712317693954454,"_wandb":{"runtime":309},"test_acc":0.1114,"_timestamp":1.7728779370577629e+09}