{"_timestamp":1.772878571892546e+09,"test_acc":0.051,"train_loss":0.9000007355988392,"epoch":15,"val_loss":0.9000006989038032,"_step":14,"_runtime":360,"best_test_f1":0.0139448693512273,"val_acc":0.04816666666666667,"_wandb":{"runtime":360},"test_f1":0.013889038043651408}