{"_step":14,"_timestamp":1.772893184665785e+09,"best_test_f1":0.04133538122660227,"val_acc":0.11766666666666667,"epoch":15,"_wandb":{"runtime":245},"_runtime":245,"val_loss":0.8910813762213913,"test_f1":0.04133538122660227,"test_acc":0.1102,"train_loss":0.8915039507757874}