{"test_acc":0.1,"best_test_f1":0.01818181818181818,"_runtime":512,"epoch":15,"test_f1":0.01818181818181818,"train_loss":0.9000371974085701,"_step":14,"_wandb":{"runtime":512},"val_acc":0.1,"_timestamp":1.7728920722992623e+09,"val_loss":0.9000296675178806}