{"_step":14,"epoch":15,"train_loss":0.45344860535720255,"test_f1":0.8023869456817577,"val_loss":0.528281420189911,"test_acc":0.8036,"_timestamp":1.7728983654499218e+09,"val_acc":0.8183333333333334,"best_test_f1":0.8545506565769267,"_runtime":192,"_wandb":{"runtime":192}}