{"val_loss":0.6234094720045734,"_step":14,"test_f1":0.7701916824373395,"best_test_f1":0.7701916824373395,"train_loss":0.637597653036084,"epoch":15,"_runtime":558,"test_acc":0.7748,"val_acc":0.7903333333333333,"_wandb":{"runtime":558},"_timestamp":1.7728803093372118e+09}