{"best_test_f1":0.8284000622635803,"test_acc":0.8289,"test_f1":0.8284000622635803,"train_loss":0.4564836052655857,"_step":14,"_timestamp":1.7728815352340639e+09,"_wandb":{"runtime":804},"val_loss":0.4417591360013045,"_runtime":804,"val_acc":0.8438333333333333,"epoch":15}