{"_runtime":905,"train_loss":0.15922625190033854,"_timestamp":1.7728860788477006e+09,"best_test_f1":0.8705652741868336,"val_acc":0.8666666666666667,"test_f1":0.8473164491426075,"_wandb":{"runtime":905},"val_loss":0.2014368021184869,"_step":14,"test_acc":0.8461,"epoch":15}