{"_runtime":525,"_wandb":{"runtime":525},"test_f1":0.7024325859360951,"train_loss":0.8400545905135207,"val_loss":0.8275269679320552,"val_acc":0.7303333333333333,"best_test_f1":0.7024325859360951,"_timestamp":1.7728909649405549e+09,"epoch":15,"_step":14,"test_acc":0.7149}