{"_step":15,"epoch":15,"activation_dist":{"sha256":"d6d466c335eade6fcc496c556d548df21075e428fb53dcd180d9c20c3a5f4bca","size":14858,"path":"media/images/activation_dist_15_d6d466c335eade6fcc49.png","format":"png","width":700,"height":300,"_type":"image-file"},"_wandb":{"runtime":63},"_runtime":63,"val_acc":0.19633333333333333,"dead_neuron_fraction":0,"_timestamp":1.7729039291188443e+09}