{"_step":14,"train_loss":0.9186791809329682,"test_acc":0.6915,"val_loss":0.9088607470600888,"test_f1":0.6665046747632878,"_wandb":{"runtime":207},"_runtime":207,"epoch":15,"_timestamp":1.7728796707337372e+09,"val_acc":0.7033333333333334,"best_test_f1":0.6665046747632878}