{"_timestamp":1.7728803044389606e+09,"train_loss":0.8992409907386388,"_wandb":{"runtime":560},"_runtime":560,"test_f1":0.6922146168733134,"test_acc":0.7118,"_step":14,"best_test_f1":0.6922146168733134,"epoch":15,"val_loss":0.8931952697852608,"val_acc":0.7275}