{"test_acc":0.761,"test_f1":0.7533311021950571,"_timestamp":1.7728976946689065e+09,"train_loss":0.6851124269616656,"_step":14,"best_test_f1":0.7533311021950571,"epoch":15,"_wandb":{"runtime":377},"_runtime":377,"val_acc":0.7728333333333334,"val_loss":0.6723407233972825}