{"val_acc":0.589,"best_test_f1":0.5019309548017643,"train_loss":0.6331003652859739,"epoch":15,"val_loss":0.6137376135469763,"_wandb":{"runtime":415},"_runtime":415,"test_f1":0.5019309548017643,"_step":14,"test_acc":0.59,"_timestamp":1.7728969007769668e+09}