{"best_test_f1":0.01818181818181818,"_timestamp":1.7728899344287896e+09,"test_acc":0.1,"val_loss":2.3025901581930013,"_step":14,"epoch":15,"train_loss":2.3026043222736017,"_runtime":622,"val_acc":0.1,"test_f1":0.01818181818181818,"_wandb":{"runtime":622}}