{"_runtime":348,"_step":14,"test_acc":0.5063,"val_acc":0.5041666666666667,"test_f1":0.41767231715944675,"epoch":15,"val_loss":0.6069223202414449,"_timestamp":1.7728787488426428e+09,"best_test_f1":0.4749511782857646,"train_loss":0.6145705069591387,"_wandb":{"runtime":348}}