{"_step":14,"_wandb":{"runtime":1004},"_runtime":1004,"test_f1":0.7935661300940857,"train_loss":0.6191304442362962,"best_test_f1":0.7967818531787596,"test_acc":0.7963,"val_acc":0.8138333333333333,"epoch":15,"_timestamp":1.772887435585132e+09,"val_loss":0.6105846073414327}