{"val_loss":0.899998537404186,"best_test_f1":0.0753533916835724,"_timestamp":1.772886703457266e+09,"_step":14,"epoch":15,"_runtime":559,"test_f1":0.0753533916835724,"train_loss":0.8999985288441543,"_wandb":{"runtime":559},"test_acc":0.143,"val_acc":0.1435}