{"val_acc":0.6406666666666667,"test_acc":0.6371,"_step":14,"best_test_f1":0.5864197469687544,"epoch":15,"_runtime":399,"_timestamp":1.7728794275754254e+09,"val_loss":1.2358118298392151,"train_loss":1.2547654868098812,"_wandb":{"runtime":399},"test_f1":0.5864197469687544}