{"val_loss":0.16534785305875443,"test_acc":0.8749,"val_acc":0.8913333333333333,"train_loss":0.16946753855885574,"_step":14,"_timestamp":1.7728975799245033e+09,"_wandb":{"runtime":912},"epoch":15,"_runtime":912,"best_test_f1":0.8746930211355796,"test_f1":0.8746930211355796}