{"_timestamp":1.7728910835903883e+09,"val_acc":0.6908333333333333,"test_acc":0.6815,"best_test_f1":0.6330212176349763,"epoch":15,"train_loss":0.46819302610871694,"_wandb":{"runtime":522},"_runtime":522,"_step":14,"val_loss":0.46102010811482796,"test_f1":0.6330212176349763}