{"best_test_f1":0.19237746202648975,"epoch":15,"_wandb":{"runtime":454},"train_loss":2.3019680590371627,"val_acc":0.24933333333333332,"_timestamp":1.7728914493074071e+09,"_runtime":454,"test_f1":0.19237746202648975,"val_loss":2.301949148065809,"_step":14,"test_acc":0.2525}