{"test_f1":0.818664907629946,"_wandb":{"runtime":584},"_timestamp":1.7728927979919157e+09,"_runtime":584,"val_acc":0.8291666666666667,"test_acc":0.8187,"epoch":15,"best_test_f1":0.8591903329809751,"train_loss":0.20966334542959578,"val_loss":0.2563275131445009,"_step":14}