{"train_loss":0.17614268837870128,"val_acc":0.874,"test_f1":0.8594891210480599,"val_loss":0.19521856162791898,"best_test_f1":0.869208094611144,"_wandb":{"runtime":566},"test_acc":0.863,"_runtime":566,"epoch":15,"_timestamp":1.7728989210789793e+09,"_step":14}