{"_wandb":{"runtime":568},"val_loss":0.8024111026753242,"_timestamp":1.7728838769593782e+09,"epoch":15,"test_acc":0.7041,"best_test_f1":0.6977479679673302,"val_acc":0.7176666666666667,"_runtime":568,"test_f1":0.6977479679673302,"train_loss":0.8123162696929094,"_step":14}