{"_wandb":{"runtime":590},"test_f1":0.01818181818181818,"best_test_f1":0.01818181818181818,"val_loss":0.914483290545512,"test_acc":0.1,"_timestamp":1.7728857148433459e+09,"_runtime":590,"train_loss":0.9150363226861501,"val_acc":0.1,"_step":14,"epoch":15}