{"epoch":15,"train_loss":2.3013572871600707,"test_acc":0.1009,"_wandb":{"runtime":536},"best_test_f1":0.09314907942469919,"_step":14,"val_loss":2.301294399500402,"val_acc":0.10083333333333333,"_timestamp":1.7728826132840047e+09,"test_f1":0.02043714568215099,"_runtime":536}