{"best_test_f1":0.01818181818181818,"test_acc":0.1,"_wandb":{"runtime":566},"_runtime":566,"test_f1":0.01818181818181818,"val_loss":2.3033163244487755,"epoch":15,"_step":14,"val_acc":0.1,"_timestamp":1.7728905826853654e+09,"train_loss":2.303635705319683}