{"_runtime":223,"val_loss":0.8999999947142081,"best_test_f1":0.1087801212568538,"val_acc":0.20083333333333334,"_timestamp":1.7728834586132717e+09,"test_acc":0.2052,"test_f1":0.1087801212568538,"_step":14,"epoch":15,"train_loss":0.9000000026951935,"_wandb":{"runtime":223}}