{"_runtime":533,"test_f1":0.8593695545652746,"val_acc":0.8758333333333334,"epoch":15,"val_loss":0.3811022985183006,"test_acc":0.8579,"_timestamp":1.7728981374958863e+09,"_step":14,"_wandb":{"runtime":533},"best_test_f1":0.8735286732036723,"train_loss":0.29061028851201504}