{"test_f1":0.23213957146395833,"best_test_f1":0.4359136551606609,"train_loss":0.8953411359812555,"_runtime":686,"val_loss":0.8955228707151018,"val_acc":0.31533333333333335,"_timestamp":1.772890655150944e+09,"test_acc":0.313,"_step":14,"_wandb":{"runtime":686},"epoch":15}