{"val_acc":0.10166666666666667,"train_loss":0.9000002630667641,"epoch":15,"_timestamp":1.7728823452150755e+09,"best_test_f1":0.08172596368312697,"test_acc":0.1024,"_step":14,"_runtime":569,"_wandb":{"runtime":569},"test_f1":0.07698630080973565,"val_loss":0.9000002678576958}