{"best_test_f1":0.8893045054787905,"_timestamp":1.772901274602912e+09,"train_loss":0.18746062442908323,"test_acc":0.8787,"_step":19,"val_loss":0.30076955225444424,"epoch":20,"_wandb":{"runtime":692},"test_f1":0.8782779141711213,"_runtime":692,"val_acc":0.8941666666666667}