{"_step":14,"test_acc":0.3254,"train_loss":0.8514124898048172,"epoch":15,"_timestamp":1.77288820295766e+09,"val_acc":0.33316666666666667,"_runtime":477,"test_f1":0.28425947614792924,"best_test_f1":0.28425947614792924,"val_loss":0.8481148972930017,"_wandb":{"runtime":477}}