{"val_loss":2.3025532865876195,"_wandb":{"runtime":308},"epoch":15,"val_acc":0.0805,"_step":14,"test_acc":0.0871,"test_f1":0.07115638135313507,"_timestamp":1.7728920501961687e+09,"train_loss":2.3025531228454654,"best_test_f1":0.07388189057344227,"_runtime":308}