{"best_test_f1":0.05950947519215921,"test_f1":0.05950947519215921,"_runtime":762,"_step":14,"_wandb":{"runtime":762},"epoch":15,"val_loss":0.9000009655692056,"test_acc":0.0959,"val_acc":0.10116666666666667,"train_loss":0.9000009581367041,"_timestamp":1.7728917139913518e+09}