{"_step":14,"best_test_f1":0.8537680776485705,"_timestamp":1.7728980873273683e+09,"test_acc":0.8219,"train_loss":0.42934815287848066,"_runtime":499,"val_acc":0.831,"val_loss":0.6453498240948363,"epoch":15,"test_f1":0.8262974788956996,"_wandb":{"runtime":499}}