{"_wandb":{"runtime":178},"test_acc":0.0956,"train_loss":0.899999512599062,"_timestamp":1.7728933556873155e+09,"_runtime":178,"val_acc":0.097,"test_f1":0.04072193051591262,"epoch":15,"best_test_f1":0.10741847142431657,"_step":14,"val_loss":0.8999994988878444}