{"test_f1":0.6225291788501965,"_runtime":405,"_step":14,"epoch":15,"best_test_f1":0.6225291788501965,"_wandb":{"runtime":405},"_timestamp":1.7728796283185751e+09,"train_loss":1.1395317459652052,"val_acc":0.6815,"test_acc":0.6712,"val_loss":1.1370257888703996}