{"train_loss":0.9850543509695747,"_runtime":599,"epoch":15,"best_test_f1":0.8119304642987981,"test_f1":0.4500589893617473,"_timestamp":1.7728983315374475e+09,"test_acc":0.5138,"val_loss":1.8177609605430465,"_wandb":{"runtime":599},"val_acc":0.5173333333333333,"_step":14}