{"_step":14,"_timestamp":1.7728845057752566e+09,"best_test_f1":0.48323365347848835,"_wandb":{"runtime":322},"val_acc":0.4766666666666667,"test_f1":0.403909670872833,"train_loss":2.1665264585079553,"test_acc":0.4673,"_runtime":322,"epoch":15,"val_loss":2.1625746252939266}