{"val_acc":0.8763333333333333,"train_loss":0.25780965423373475,"best_test_f1":0.8769801498323357,"_runtime":911,"test_acc":0.8604,"epoch":20,"_step":19,"_wandb":{"runtime":911},"_timestamp":1.7729490911016114e+09,"test_f1":0.8600632516220212,"val_loss":0.43252335737667835}