{"epoch":15,"test_f1":0.8671421426899381,"_step":14,"_timestamp":1.772896065902216e+09,"test_acc":0.8709,"best_test_f1":0.8781960964957471,"_wandb":{"runtime":441},"train_loss":0.13973452756800542,"val_acc":0.8811666666666667,"_runtime":441,"val_loss":0.1766043802709112}