{"_wandb":{"runtime":625},"test_acc":0.8664,"_timestamp":1.7728844010331182e+09,"epoch":15,"_step":14,"val_loss":0.37572398258037226,"test_f1":0.8670453668328421,"val_acc":0.8796666666666667,"best_test_f1":0.8670453668328421,"_runtime":625,"train_loss":0.30522502960920717}