{"_runtime":632,"test_f1":0.5298310412329555,"train_loss":0.5977107879529976,"best_test_f1":0.5298310412329555,"epoch":15,"val_acc":0.5906666666666667,"_timestamp":1.7728964620589917e+09,"_wandb":{"runtime":632},"_step":14,"test_acc":0.5902,"val_loss":0.5909308302845444}