{"_wandb":{"runtime":525},"train_loss":0.903747880431701,"test_f1":0.01818181818181818,"epoch":15,"val_loss":0.9035525201662664,"_runtime":525,"_step":14,"test_acc":0.1,"_timestamp":1.7728966326858468e+09,"best_test_f1":0.01818181818181818,"val_acc":0.09983333333333333}