{"_wandb":{"runtime":299},"_runtime":299,"_timestamp":1.7728774760536947e+09,"best_test_f1":0.2831031338895446,"test_acc":0.3023,"test_f1":0.2831031338895446,"train_loss":2.280973115307588,"val_acc":0.31083333333333335,"_step":14,"val_loss":2.2805923046672416,"epoch":15}