{"test_f1":0.018553413142761273,"epoch":15,"test_acc":0.1,"best_test_f1":0.019491532206490667,"train_loss":0.9000000081385912,"_timestamp":1.772884147019146e+09,"_runtime":224,"val_acc":0.09983333333333333,"val_loss":0.9000000036491114,"_step":14,"_wandb":{"runtime":224}}