{"test_f1":0.7699160993922286,"test_acc":0.7698,"_wandb":{"runtime":470},"val_loss":0.5723932187847981,"_runtime":470,"_timestamp":1.772895590185409e+09,"_step":14,"epoch":15,"best_test_f1":0.7699160993922286,"val_acc":0.7846666666666666,"train_loss":0.5820554897637407}