{"val_loss":0.9045979648021274,"best_test_f1":0.018276523805172258,"train_loss":0.9047489519311082,"_wandb":{"runtime":304},"_timestamp":1.7728853916058893e+09,"epoch":15,"test_f1":0.018251505749224312,"_runtime":304,"val_acc":0.09983333333333333,"_step":14,"test_acc":0.1}