{"_wandb":{"runtime":695},"best_test_f1":0.11552346462072909,"train_loss":2.3025756621113764,"_step":14,"test_f1":0.06282491560176647,"val_acc":0.17066666666666666,"_timestamp":1.7728790495880775e+09,"test_acc":0.1695,"_runtime":695,"val_loss":2.3025745224556795,"epoch":15}