{"test_f1":0.7921673392602112,"val_loss":0.570225256364547,"epoch":15,"_timestamp":1.7728817416885529e+09,"best_test_f1":0.7921673392602112,"_wandb":{"runtime":714},"_runtime":714,"_step":14,"train_loss":0.5831164049920117,"test_acc":0.7979,"val_acc":0.8125}