{"_wandb":{"runtime":811},"test_f1":0.5606034693824486,"val_acc":0.6316666666666667,"epoch":15,"_step":14,"test_acc":0.6196,"train_loss":1.4999880153613183,"best_test_f1":0.5606034693824486,"_runtime":811,"_timestamp":1.7728876732738855e+09,"val_loss":1.480877133247929}