{"epoch":15,"test_acc":0.104,"_timestamp":1.7728919184117348e+09,"best_test_f1":0.0541769001526415,"_wandb":{"runtime":177},"val_acc":0.10283333333333333,"train_loss":0.914461656127451,"test_f1":0.05407791436709346,"_step":14,"_runtime":177,"val_loss":0.9140965712382056}