{"_timestamp":1.7728950836678236e+09,"best_test_f1":0.880243018388392,"_runtime":730,"train_loss":0.24449612228262915,"val_acc":0.8925,"test_acc":0.8803,"test_f1":0.880243018388392,"val_loss":0.31693494185400245,"epoch":15,"_step":14,"_wandb":{"runtime":730}}