{"val_acc":0.3115,"test_acc":0.3084,"best_test_f1":0.26242591385623815,"train_loss":2.2114634041865227,"_wandb":{"runtime":238},"test_f1":0.26242591385623815,"epoch":15,"_runtime":238,"_timestamp":1.772886980910673e+09,"_step":14,"val_loss":2.207822585462009}