{"val_acc":0.8625,"_timestamp":1.7728967882394295e+09,"_wandb":{"runtime":302},"best_test_f1":0.8460217375161456,"_runtime":302,"_step":14,"train_loss":0.4076123229891664,"val_loss":0.39931249501042804,"epoch":15,"test_acc":0.8481,"test_f1":0.8460217375161456}