{"test_acc":0.1,"test_f1":0.01818181818181818,"_wandb":{"runtime":225},"_step":14,"best_test_f1":0.01818181818181818,"_runtime":225,"epoch":15,"train_loss":2.303425975549691,"val_acc":0.1,"_timestamp":1.7728958058227532e+09,"val_loss":2.3034247213923553}