{"test_acc":0.3425,"train_loss":0.8317522010649784,"val_loss":0.8303259840795063,"val_acc":0.3471666666666667,"_timestamp":1.7728955480813935e+09,"_step":14,"_wandb":{"runtime":234},"_runtime":234,"best_test_f1":0.27341172925720386,"test_f1":0.27341172925720386,"epoch":15}