{"_timestamp":1.7728944564162858e+09,"test_f1":0.20084743985866638,"_step":14,"epoch":15,"train_loss":0.8482681529301394,"val_acc":0.31033333333333335,"val_loss":0.8462499110506857,"best_test_f1":0.20084743985866638,"_wandb":{"runtime":289},"_runtime":289,"test_acc":0.3066}