{"epoch":10,"test_acc":0.1225,"train_loss":2.2928282519781313,"val_loss":2.290702667109243,"_timestamp":1.772902131730446e+09,"_wandb":{"runtime":78},"val_acc":0.12633333333333333,"_step":9,"_runtime":78}