{"best_test_f1":0.7280850835741692,"test_acc":0.7382,"_step":14,"_runtime":631,"epoch":15,"_wandb":{"runtime":631},"test_f1":0.7280850835741692,"val_acc":0.7586666666666667,"train_loss":0.7774380628089628,"val_loss":0.7651139664570656,"_timestamp":1.772880767108686e+09}