{"_timestamp":1.7728820418521256e+09,"test_acc":0.0597,"val_loss":2.302584971399114,"_runtime":470,"train_loss":2.302585573510312,"epoch":15,"_step":14,"test_f1":0.017699241724123037,"best_test_f1":0.0468959068368349,"_wandb":{"runtime":470},"val_acc":0.059666666666666666}