{"_runtime":639,"val_loss":1.3978344519146737,"val_acc":0.5638333333333333,"_wandb":{"runtime":639},"test_acc":0.5586,"epoch":15,"train_loss":0.82453174551585,"test_f1":0.4999241380071955,"_step":14,"best_test_f1":0.6899589276781545,"_timestamp":1.772895172317232e+09}