{"_wandb":{"runtime":613},"train_loss":0.7619269822470242,"_step":14,"test_acc":0.757,"val_acc":0.762,"best_test_f1":0.7446731039036891,"test_f1":0.7446731039036891,"val_loss":0.7533512329858204,"_runtime":613,"epoch":15,"_timestamp":1.772885700680986e+09}