{"test_f1":0.31119337219020143,"_timestamp":1.7728793987978323e+09,"_step":14,"test_acc":0.4019,"train_loss":2.050637900681167,"epoch":15,"val_acc":0.4035,"best_test_f1":0.31119337219020143,"_wandb":{"runtime":485},"val_loss":2.0420929558696628,"_runtime":485}