{"_step":14,"val_loss":0.9000113206411373,"val_acc":0.0265,"train_loss":0.9000120542624063,"epoch":15,"best_test_f1":0.022988671029477662,"_wandb":{"runtime":179},"_timestamp":1.772892281800629e+09,"_runtime":179,"test_acc":0.0279,"test_f1":0.022988383783493528}