{"train_loss":0.815437154849682,"epoch":15,"best_test_f1":0.7089269335448777,"val_acc":0.6946666666666667,"_runtime":289,"val_loss":0.833725505018936,"_timestamp":1.7728811038706746e+09,"_step":14,"_wandb":{"runtime":289},"test_acc":0.6911,"test_f1":0.6596617484795123}