{"epoch":15,"_wandb":{"runtime":595},"_step":14,"test_f1":0.32388491670103087,"val_loss":0.7967957348619441,"val_acc":0.4265,"test_acc":0.4193,"best_test_f1":0.32388491670103087,"train_loss":0.8019297448340751,"_runtime":595,"_timestamp":1.7728887129618547e+09}