{"epoch":2,"_wandb":{"runtime":60},"train_loss":0.37911623768272207,"val_loss":0.38597794305779715,"val_acc":0.8638333333333333,"_runtime":60,"_timestamp":1.7729102535638428e+09,"_step":1,"test_acc":0.8487,"test_f1":0.849449900182281}