{"test_f1":0.047154454279719135,"best_test_f1":0.04925716789763162,"_step":14,"_timestamp":1.7728944031773765e+09,"val_loss":2.302585101837663,"test_acc":0.0774,"_wandb":{"runtime":271},"val_acc":0.07733333333333334,"train_loss":2.3025851043505585,"_runtime":271,"epoch":15}