{"train_loss":2.2119893216941517,"_runtime":398,"test_acc":0.1739,"best_test_f1":0.11468434553942553,"test_f1":0.11468434553942553,"val_acc":0.17316666666666666,"_wandb":{"runtime":398},"epoch":15,"val_loss":2.210107600854455,"_timestamp":1.7728800995826995e+09,"_step":14}