{"test_f1":0.88715281434849,"best_test_f1":0.8885013368670457,"_timestamp":1.7729507939771628e+09,"_runtime":739,"val_acc":0.8966666666666666,"test_acc":0.8886,"_wandb":{"runtime":739},"epoch":20,"train_loss":0.1754805442610053,"_step":19,"val_loss":0.31134459828889144}