{"test_acc":0.8567,"_runtime":606,"test_f1":0.8568822323244069,"_timestamp":1.772895809914134e+09,"best_test_f1":0.8568822323244069,"_wandb":{"runtime":606},"_step":14,"epoch":15,"train_loss":0.3531419349347374,"val_loss":0.35741294799720247,"val_acc":0.8761666666666666}