{"_runtime":0,"iteration":49,"neuron_3_grad_norm":0.000849584052744615,"neuron_0_grad_norm":0.0004731871389798745,"neuron_1_grad_norm":0.0004741663902909607,"neuron_2_grad_norm":0.0002463795185936423,"_step":49,"loss":2.3363469833846655,"_wandb":{"runtime":0},"neuron_4_grad_norm":0.0004572713286581731,"_timestamp":1.7729077905730236e+09}