{"train_loss":0.8999992799399067,"test_f1":0.055671694774690604,"val_loss":0.8999991921034075,"_timestamp":1.7728890084596272e+09,"best_test_f1":0.055671694774690604,"test_acc":0.0916,"_wandb":{"runtime":1025},"epoch":15,"_runtime":1025,"_step":14,"val_acc":0.09583333333333334}