{"_timestamp":1.772882446123471e+09,"train_loss":2.3033047734137186,"_step":14,"best_test_f1":0.01818181818181818,"val_loss":2.3030394103828096,"val_acc":0.1,"_wandb":{"runtime":353},"_runtime":353,"test_acc":0.1,"epoch":15,"test_f1":0.01818181818181818}