{"best_test_f1":0.30291349036685966,"test_acc":0.4385,"train_loss":0.7803127812505372,"_step":14,"epoch":15,"val_loss":0.7744215901343054,"val_acc":0.43583333333333335,"_timestamp":1.7728930004542809e+09,"_wandb":{"runtime":196},"_runtime":196,"test_f1":0.30291349036685966}