{"best_test_f1":0.7378191735601531,"_step":14,"epoch":15,"val_acc":0.7578333333333334,"train_loss":0.38528337361567666,"_runtime":1221,"test_f1":0.7253584671526391,"_wandb":{"runtime":1221},"val_loss":0.3806975767640708,"test_acc":0.7479,"_timestamp":1.772888066950783e+09}