{"_step":19,"val_loss":0.4536228493994818,"_wandb":{"runtime":301},"val_acc":0.8755,"epoch":20,"test_f1":0.8557745264716934,"best_test_f1":0.8738245907340729,"train_loss":0.33325336318014903,"test_acc":0.8583,"_runtime":301,"_timestamp":1.7729074782609408e+09}