{"_timestamp":1.772902802395678e+09,"_step":9,"epoch":10,"train_loss":0.08971447849641194,"_wandb":{"runtime":161},"_runtime":161,"grad_norm_layer0":0.00957488168726733}