{"_runtime":259,"_wandb":{"runtime":259},"_step":14,"epoch":15,"test_acc":0.6259,"best_test_f1":0.6147070295086273,"_timestamp":1.7728940964170582e+09,"val_acc":0.6306666666666667,"test_f1":0.5982861462789396,"train_loss":0.5519169040296187,"val_loss":0.5663922456294866}