{"train_loss":2.3023493384074873,"_wandb":{"runtime":234},"test_acc":0.1045,"best_test_f1":0.02726630993533532,"test_f1":0.02726630993533532,"_step":14,"val_loss":2.302285629934306,"epoch":15,"_runtime":234,"_timestamp":1.7728917187222319e+09,"val_acc":0.104}