{"test_f1":0.8235384165527744,"epoch":15,"val_loss":0.49046990481943076,"_wandb":{"runtime":655},"_step":14,"best_test_f1":0.8235384165527744,"_runtime":655,"val_acc":0.8415,"_timestamp":1.7728991007713509e+09,"train_loss":0.5048622354084461,"test_acc":0.8242}