{"_wandb":{"runtime":224},"test_acc":0.9786,"epoch":15,"train_loss":0.014565118012187196,"val_loss":0.19391037167625172,"_timestamp":1.7729048725682032e+09,"val_acc":0.9733333333333334,"_runtime":224,"_step":14}