{"val_acc":0.6245,"test_acc":0.6111,"_step":14,"_wandb":{"runtime":369},"test_f1":0.5468234965953493,"_timestamp":1.7728926790403183e+09,"best_test_f1":0.5468234965953493,"_runtime":369,"epoch":15,"val_loss":0.6691652802797234,"train_loss":0.6765627979313026}