{"test_acc":0.3356,"_timestamp":1.7728927694788556e+09,"val_loss":2.0504241561867986,"epoch":15,"best_test_f1":0.2832436504627873,"_runtime":466,"train_loss":2.057282715337024,"_wandb":{"runtime":466},"_step":14,"val_acc":0.33166666666666667,"test_f1":0.2832436504627873}