{"val_acc":0.1,"_timestamp":1.7728864024228904e+09,"_step":14,"epoch":15,"test_f1":0.01818181818181818,"_runtime":658,"train_loss":0.9000209116994611,"test_acc":0.1,"_wandb":{"runtime":658},"val_loss":0.9000051797535671,"best_test_f1":0.043615147570701424}