{"train_loss":0.9001120871452903,"_step":14,"val_acc":0.1,"test_acc":0.1,"epoch":15,"_timestamp":1.7728972776068418e+09,"best_test_f1":0.01818181818181818,"_wandb":{"runtime":396},"val_loss":0.9001110999567437,"test_f1":0.01818181818181818,"_runtime":396}