{"epoch":20,"test_f1":0.8849388160248154,"test_acc":0.8841,"train_loss":0.18985647320938365,"best_test_f1":0.8899710031371251,"val_loss":0.2867444831832574,"_timestamp":1.77290523394681e+09,"val_acc":0.8986666666666666,"_runtime":760,"_step":19,"_wandb":{"runtime":760}}