{"epoch":15,"val_loss":0.8151998514486744,"train_loss":0.8242429355406903,"_wandb":{"runtime":400},"test_acc":0.7121,"_runtime":400,"test_f1":0.6920412651370356,"best_test_f1":0.7134879370156028,"val_acc":0.7193333333333334,"_timestamp":1.772879178006066e+09,"_step":14}