{"val_loss":0.3475679893799938,"best_test_f1":0.7657896281468851,"_timestamp":1.7728975608549857e+09,"_step":14,"test_f1":0.7539531567546416,"epoch":15,"_runtime":741,"train_loss":0.3250387514733964,"val_acc":0.7765,"test_acc":0.762,"_wandb":{"runtime":741}}