{"epoch":15,"val_acc":0.9096666666666666,"dead_neuron_fraction":0,"activation_dist":{"sha256":"e89a88f1bc99de349030f0a7c7f853f51f8e8e625fe0bdf997df5712f21df03b","size":15046,"path":"media/images/activation_dist_15_e89a88f1bc99de349030.png","format":"png","width":700,"height":300,"_type":"image-file"},"_wandb":{"runtime":138},"_runtime":138,"_timestamp":1.7729036760799022e+09,"_step":15}