{"_wandb":{"runtime":786},"_runtime":786,"val_acc":0.872,"epoch":15,"_timestamp":1.7728952770683393e+09,"_step":14,"test_f1":0.8587398842676132,"train_loss":0.11988236910635361,"test_acc":0.8574,"val_loss":0.18384129544838917,"best_test_f1":0.8768999619910833}