{"val_loss":0.4437684325712243,"val_acc":0.6833333333333333,"_runtime":418,"epoch":15,"best_test_f1":0.6185837846262787,"_wandb":{"runtime":418},"test_f1":0.6185837846262787,"_timestamp":1.7728948577075515e+09,"_step":14,"test_acc":0.6725,"train_loss":0.4506076149753603}