{"_runtime":1031,"val_acc":0.5438333333333333,"test_acc":0.5401,"_wandb":{"runtime":1031},"_step":14,"train_loss":0.9768533651152764,"epoch":15,"best_test_f1":0.6552453021532756,"val_loss":1.3595459524421976,"_timestamp":1.7728806933007236e+09,"test_f1":0.47501675044856356}