{"train_loss":0.7750426599908317,"_timestamp":1.7728820624272256e+09,"test_f1":0.43843410331653576,"val_loss":0.770598744136593,"_wandb":{"runtime":923},"test_acc":0.5212,"_step":14,"epoch":15,"val_acc":0.5186666666666667,"_runtime":923,"best_test_f1":0.43843410331653576}