{"train_loss":0.38260138281038486,"test_acc":0.86,"test_f1":0.859590983073578,"val_acc":0.8801666666666667,"_step":14,"best_test_f1":0.859590983073578,"_timestamp":1.7728965650373023e+09,"_runtime":350,"val_loss":0.3641782607093442,"_wandb":{"runtime":350},"epoch":15}