{"best_test_f1":0.08377205245322789,"_step":14,"_wandb":{"runtime":295},"epoch":15,"test_f1":0.07723420988644834,"val_loss":2.302574318025754,"_timestamp":1.7728984112446356e+09,"val_acc":0.0995,"test_acc":0.1015,"_runtime":295,"train_loss":2.3025743631391724}