{"val_acc":0.7061666666666667,"_timestamp":1.7728983267694895e+09,"_step":14,"best_test_f1":0.6709616540525281,"train_loss":0.9091673056814827,"test_acc":0.6965,"epoch":15,"_runtime":209,"val_loss":0.9025205614760943,"_wandb":{"runtime":209},"test_f1":0.6709616540525281}