{"test_acc":0.1,"test_f1":0.01818181818181818,"best_test_f1":0.01818181818181818,"_timestamp":1.7728936374043026e+09,"_wandb":{"runtime":254},"val_loss":0.910354955115481,"train_loss":0.9106711717207502,"_step":14,"_runtime":254,"val_acc":0.1,"epoch":15}