{"_wandb":{"runtime":821},"val_loss":1.0765990700127637,"epoch":15,"best_test_f1":0.6437174245905014,"_runtime":821,"_timestamp":1.7728929026155376e+09,"_step":14,"train_loss":1.0905287597537214,"test_f1":0.6437174245905014,"test_acc":0.6741,"val_acc":0.6821666666666667}