{"test_f1":0.7654589901049256,"_wandb":{"runtime":872},"_runtime":872,"val_loss":0.6098142552737654,"train_loss":0.6165614953556706,"val_acc":0.7871666666666667,"test_acc":0.7788,"_step":29,"best_test_f1":0.7849121035479254,"epoch":30,"_timestamp":1.772946713145588e+09}