{"_step":14,"_runtime":390,"train_loss":2.302586119518834,"val_acc":0.0515,"best_test_f1":0.029777438698781793,"_wandb":{"runtime":390},"val_loss":2.3025859975957794,"test_acc":0.0557,"epoch":15,"test_f1":0.029699792122215362,"_timestamp":1.7728904021655953e+09}