{"epoch":15,"best_test_f1":0.7443427061434505,"_timestamp":1.7728980906278274e+09,"test_f1":0.7443427061434505,"test_acc":0.7522,"_step":14,"_wandb":{"runtime":503},"_runtime":503,"val_loss":0.6908760195028423,"val_acc":0.766,"train_loss":0.7057116706720353}