{"val_acc":0.1,"_step":14,"train_loss":2.3026805311160987,"best_test_f1":0.01818181818181818,"epoch":15,"test_f1":0.01818181818181818,"_timestamp":1.7728788651581483e+09,"_runtime":669,"test_acc":0.1,"val_loss":2.302587650854723,"_wandb":{"runtime":669}}