{"_runtime":513,"_wandb":{"runtime":513},"test_f1":0.5646531126070183,"epoch":15,"_timestamp":1.7728892682415318e+09,"val_acc":0.6425,"best_test_f1":0.5646531126070183,"test_acc":0.6382,"val_loss":0.5504300755695741,"_step":14,"train_loss":0.5571727165909574}