{"epoch":15,"_runtime":781,"_step":14,"test_acc":0.8855,"best_test_f1":0.8845124929593078,"_wandb":{"runtime":781},"val_loss":0.2844994966783459,"_timestamp":1.7728842782242284e+09,"test_f1":0.8841631562572964,"train_loss":0.21704126406487112,"val_acc":0.9046666666666666}