{"_wandb":{"runtime":186},"_timestamp":1.7728883505155609e+09,"train_loss":0.9079950090714158,"best_test_f1":0.05044415756184782,"_runtime":186,"epoch":15,"test_f1":0.05044415756184782,"val_acc":0.098,"val_loss":0.9079250181414862,"test_acc":0.1006,"_step":14}