{"best_test_f1":0.1979907817180536,"epoch":15,"_wandb":{"runtime":369},"_runtime":369,"val_acc":0.2645,"train_loss":0.8661232011502765,"val_loss":0.8637494154944555,"test_acc":0.2588,"_timestamp":1.772878977601597e+09,"_step":14,"test_f1":0.1979907817180536}