{"_timestamp":1.7729001315914288e+09,"_runtime":700,"_wandb":{"runtime":700},"_step":19,"test_f1":0.8834929478891841,"val_loss":0.3049753273419579,"val_acc":0.8958333333333334,"best_test_f1":0.885581843524854,"test_acc":0.886,"epoch":20,"train_loss":0.1845993183059716}