{"test_f1":0.08396896587110511,"epoch":15,"best_test_f1":0.18760927055373175,"test_acc":0.1858,"train_loss":1.8484919136805051,"_wandb":{"runtime":573},"val_loss":1.9013758987438254,"val_acc":0.17816666666666667,"_step":14,"_runtime":573,"_timestamp":1.77287971309362e+09}