{"_runtime":196,"test_acc":0.1016,"_wandb":{"runtime":196},"val_acc":0.101,"test_f1":0.02363391306428322,"epoch":15,"val_loss":0.8999997802612577,"best_test_f1":0.03232129079666437,"train_loss":0.8999997831127187,"_step":14,"_timestamp":1.7728868103431258e+09}