{"train_loss":0.21008185651460276,"val_acc":0.8958333333333334,"_timestamp":1.772908160493024e+09,"_runtime":164,"_step":19,"epoch":20,"_wandb":{"runtime":164},"test_acc":0.883,"val_loss":0.35124159161686935}