{"test_acc":0.156,"_timestamp":1.7728826415797627e+09,"best_test_f1":0.09359422043300894,"val_loss":0.9064887512751489,"test_f1":0.09359422043300894,"_wandb":{"runtime":392},"epoch":15,"train_loss":0.9063637615698457,"val_acc":0.155,"_runtime":392,"_step":14}