{"_timestamp":1.772891521772212e+09,"test_acc":0.8779,"best_test_f1":0.8804990987445331,"_wandb":{"runtime":523},"val_loss":0.16865372185734087,"test_f1":0.8777990910016831,"_step":14,"_runtime":523,"train_loss":0.14499421225675843,"val_acc":0.8888333333333334,"epoch":15}