{"_runtime":174,"epoch":15,"val_acc":0.9063333333333333,"dead_neuron_fraction":0,"_timestamp":1.7729038605010414e+09,"_step":15,"activation_dist":{"size":14452,"path":"media/images/activation_dist_15_3d7bf69390319716a8e0.png","format":"png","width":700,"height":300,"_type":"image-file","sha256":"3d7bf69390319716a8e0317303e94b8a0ad46e3abb9bafa1c56121fa3909c77a"},"_wandb":{"runtime":174}}