{"val_loss":0.5859832582600364,"test_acc":0.6272,"epoch":15,"val_acc":0.6323333333333333,"train_loss":0.5919608402922263,"best_test_f1":0.5578880443504575,"_wandb":{"runtime":877},"_timestamp":1.772892003616228e+09,"_step":14,"_runtime":877,"test_f1":0.5578880443504575}