{"_wandb":{"runtime":255},"epoch":15,"val_loss":0.9000031482245019,"val_acc":0.07933333333333334,"test_acc":0.0824,"test_f1":0.02645733452562396,"train_loss":0.9000025214139441,"_runtime":255,"_step":14,"best_test_f1":0.02645733452562396,"_timestamp":1.7728932884715624e+09}