{"test_f1":0.7082156419345353,"_timestamp":1.7728975605375743e+09,"test_acc":0.7152,"best_test_f1":0.8494045139376402,"epoch":15,"val_loss":1.1499675935034037,"val_acc":0.7353333333333333,"_wandb":{"runtime":624},"train_loss":0.4635283549792159,"_step":14,"_runtime":624}