{"test_acc":0.1,"_runtime":557,"_step":14,"epoch":15,"test_f1":0.01818181818181818,"_wandb":{"runtime":557},"val_acc":0.1,"_timestamp":1.7728850920387871e+09,"train_loss":0.9000157832554806,"best_test_f1":0.01818181818181818,"val_loss":0.9000008058497051}