{"test_acc":0.6208,"_timestamp":1.7728790966093824e+09,"test_f1":0.5633118749988771,"_step":14,"train_loss":1.53350290081998,"_wandb":{"runtime":352},"epoch":15,"val_loss":1.5202153504223472,"val_acc":0.6295,"_runtime":352,"best_test_f1":0.5633118749988771}