{"val_acc":0.8333333333333334,"_step":14,"best_test_f1":0.8156903267471025,"_runtime":179,"test_f1":0.8156903267471025,"test_acc":0.8138,"_timestamp":1.772875803343394e+09,"_wandb":{"runtime":179},"epoch":15,"val_loss":0.2593844140529392,"train_loss":0.27298344907149813}