{"val_acc":0.7863333333333333,"best_test_f1":0.7696972529803752,"val_loss":0.6821878603100873,"_wandb":{"runtime":351},"_step":14,"test_acc":0.7751,"epoch":15,"train_loss":0.6896112623469631,"_runtime":351,"test_f1":0.7696972529803752,"_timestamp":1.772896179553072e+09}