{"epoch":15,"train_loss":2.3025953808005046,"best_test_f1":0.019129050009171405,"val_acc":0.1,"test_acc":0.1,"_timestamp":1.772889335911945e+09,"_runtime":1096,"test_f1":0.01818181818181818,"_wandb":{"runtime":1096},"val_loss":2.302585370089455,"_step":14}