{"train_loss":0.8178285359706434,"test_acc":0.7208,"_timestamp":1.7728797165343401e+09,"val_loss":0.8162513841074472,"_wandb":{"runtime":279},"_runtime":279,"epoch":15,"val_acc":0.7326666666666667,"best_test_f1":0.7310956247639223,"_step":14,"test_f1":0.7133044349955492}