{"_timestamp":1.7729026355274637e+09,"_step":9,"epoch":10,"train_loss":0.05801638346207365,"_wandb":{"runtime":112},"_runtime":112,"grad_norm_layer0":0.004375079468506355}