{"_runtime":968,"_timestamp":1.772886394576796e+09,"epoch":15,"test_f1":0.8588915674324188,"_step":14,"val_loss":0.1850217235498981,"val_acc":0.876,"test_acc":0.8558,"best_test_f1":0.877849401732351,"_wandb":{"runtime":968},"train_loss":0.13737895688808965}