{"val_acc":0.09083333333333334,"train_loss":0.9130301259859596,"_timestamp":1.772885140053983e+09,"test_acc":0.0883,"_step":14,"best_test_f1":0.027118822191482306,"_runtime":138,"test_f1":0.026990594194674082,"val_loss":0.9119545473457371,"_wandb":{"runtime":138},"epoch":15}