{"val_acc":0.095,"test_acc":0.0854,"best_test_f1":0.049743843942155266,"_runtime":523,"val_loss":0.8999990734031874,"_wandb":{"runtime":523},"test_f1":0.04699163215316791,"_step":14,"train_loss":0.899999137071204,"_timestamp":1.7728849603608081e+09,"epoch":15}