{"test_f1":0.755488797935634,"test_acc":0.7534,"epoch":15,"train_loss":0.6788057000258926,"val_loss":0.7199650593782502,"val_acc":0.7641666666666667,"_wandb":{"runtime":648},"_runtime":648,"_step":14,"_timestamp":1.7728809898645089e+09,"best_test_f1":0.7659814499008906}