{"epoch":15,"val_loss":0.8188767857388093,"train_loss":0.8221111501967155,"val_acc":0.33566666666666667,"test_f1":0.2583499080273801,"test_acc":0.331,"best_test_f1":0.2583499080273801,"_runtime":566,"_wandb":{"runtime":566},"_step":14,"_timestamp":1.7728937816360116e+09}