{"_timestamp":1.7728768263360753e+09,"test_f1":0.8648757738289922,"_wandb":{"runtime":36},"epoch":3,"val_loss":0.4970765538128662,"test_acc":0.8662,"train_loss":0.4672405323877399,"_step":2,"best_test_f1":0.8648757738289922,"val_acc":0.8663333333333333,"_runtime":36}