{"test_f1":0.8720173264654857,"_runtime":1092,"_step":14,"epoch":15,"test_acc":0.8734,"best_test_f1":0.8720173264654857,"val_acc":0.886,"val_loss":0.31628569381132915,"_wandb":{"runtime":1092},"_timestamp":1.772888124321412e+09,"train_loss":0.2897035401360572}