{"test_f1":0.6829807583857528,"train_loss":0.9163049806454349,"val_loss":0.907287824993668,"_runtime":550,"epoch":15,"_step":14,"_wandb":{"runtime":550},"test_acc":0.7025,"_timestamp":1.7728796529091926e+09,"val_acc":0.711,"best_test_f1":0.6829807583857528}