{"_runtime":286,"test_f1":0.4600202592101543,"val_loss":1.8490684983656134,"_timestamp":1.7728787100755835e+09,"train_loss":1.862622944361074,"best_test_f1":0.4600202592101543,"_step":14,"val_acc":0.5175,"_wandb":{"runtime":286},"test_acc":0.5129,"epoch":15}