{"_timestamp":1.7728783688931699e+09,"train_loss":1.3905338955198827,"test_acc":0.6272,"val_loss":1.3808694381145221,"_wandb":{"runtime":383},"val_acc":0.6371666666666667,"_runtime":383,"epoch":15,"_step":14,"test_f1":0.5867073672057062,"best_test_f1":0.5867073672057062}