{"test_acc":0.9796,"epoch":20,"train_loss":0.012671060370049546,"_step":19,"val_loss":0.19907158936001246,"_runtime":118,"val_acc":0.9751666666666666,"_wandb":{"runtime":118},"_timestamp":1.772904318140005e+09}