{"train_loss":0.8999992087900658,"val_loss":0.8999991606994062,"test_acc":0.1203,"val_acc":0.12083333333333333,"epoch":15,"_wandb":{"runtime":283},"_step":14,"best_test_f1":0.1026683548288754,"test_f1":0.10236597211518497,"_runtime":283,"_timestamp":1.7728783207202935e+09}