{"train_loss":0.9003812118982617,"val_loss":0.9003765556733636,"val_acc":0.1,"_timestamp":1.7728988698305795e+09,"epoch":15,"_wandb":{"runtime":517},"_step":14,"test_f1":0.01818181818181818,"best_test_f1":0.01818181818181818,"_runtime":517,"test_acc":0.1}