{"_wandb":{"runtime":837},"test_acc":0.791,"epoch":15,"train_loss":0.7850864008511147,"_step":14,"_timestamp":1.7728945041127424e+09,"val_loss":0.6976914463389947,"test_f1":0.7906667733361359,"_runtime":837,"val_acc":0.809,"best_test_f1":0.8421225182573666}