{"epoch":15,"val_loss":0.8880136156646525,"_timestamp":1.7728865761331408e+09,"_step":14,"train_loss":0.8878363897906303,"val_acc":0.20733333333333334,"best_test_f1":0.14496440951154826,"test_acc":0.2056,"_wandb":{"runtime":450},"_runtime":450,"test_f1":0.14496440951154826}