{"train_loss":0.022922035680765427,"grad_norm_layer0":0.00012124194803479616,"_timestamp":1.772902921189635e+09,"_step":9,"epoch":10,"_wandb":{"runtime":115},"_runtime":115}