{"_timestamp":1.772899005769613e+09,"train_loss":2.2992228133466948,"val_acc":0.26766666666666666,"epoch":15,"_runtime":603,"_wandb":{"runtime":603},"val_loss":2.2992525869055296,"best_test_f1":0.2303454753300936,"test_acc":0.274,"test_f1":0.2303454753300936,"_step":14}