{"val_acc":0.1,"best_test_f1":0.01818181818181818,"test_f1":0.01818181818181818,"epoch":15,"_step":14,"_wandb":{"runtime":1084},"_runtime":1084,"test_acc":0.1,"train_loss":2.3032406150970655,"_timestamp":1.7728837307751746e+09,"val_loss":2.3031098108889214}