{"val_loss":2.3026456086384592,"_step":14,"_wandb":{"runtime":1226},"train_loss":2.3026828221480082,"best_test_f1":0.01818181818181818,"epoch":15,"test_f1":0.01818181818181818,"val_acc":0.1,"_runtime":1226,"test_acc":0.1,"_timestamp":1.7728783916032634e+09}