{"train_loss":2.0381390150232495,"epoch":15,"_wandb":{"runtime":832},"val_loss":2.0287550078170793,"val_acc":0.37416666666666665,"test_acc":0.371,"_runtime":832,"_step":14,"test_f1":0.30987237856147665,"_timestamp":1.7728898824931066e+09,"best_test_f1":0.30987237856147665}