{"_runtime":368,"_timestamp":1.772888758608899e+09,"val_loss":0.8999999851926641,"_step":14,"epoch":15,"test_acc":0.1415,"best_test_f1":0.09509367596808864,"val_acc":0.14183333333333334,"train_loss":0.8999999884547611,"test_f1":0.07938044595549129,"_wandb":{"runtime":368}}