{"_wandb":{"runtime":169},"_runtime":169,"_timestamp":1.772903096959168e+09,"_step":9,"epoch":10,"train_loss":0.046950095963340044,"grad_norm_layer0":0.003786220743609188}